NAME,CPG_NUMBER,TYPE,DIRECTION ,SEQUENCE,SIZE,TM ,PRODUCT SIZE,CPG,TISSUE,,,
MF1,1,methylated,forward,GTTAGGGATTTTGGATGGGC,20,60.5,98,chr8:49493765-49493966,muscle,,,
MR1,1,methylated,reverse,AATCCGAAACCAAAACTATACGAT,24,59.3,98,chr8:49493765-49493966,muscle,,,
UF1,1,unmethylated,forward,GAGTTAGGGATTTTGGATGGGT,22,60.4,97,chr8:49493765-49493966,muscle,,,
UR1,1,unmethylated,reverse,CCAAAACCAAAACTATACAATTTATCC,27,59.5,97,chr8:49493765-49493966,muscle ,,,
MF2,2,methylated,forward,AGGAAGATTTGAGTTAGTAGGGTCG,25,60.4,70,chr17:15317524-15317725,muscle ,,,
MR2,2,methylated,reverse,AAAACATAACCTTAAAACAAAAACACG,27,60,70,chr17:15317524-15317725,muscle ,,,
UF2,2,unmethylated,forward,GAGAAGGAAGATTTGAGTTAGTAGGGTT,28,59.6,72,chr17:15317524-15317725,muscle ,,,
UR2,2,unmethylated,reverse,AACATAACCTTAAAACAAAAACACAAAA,28,61,72,chr17:15317524-15317725,muscle ,,,
MF3,3,methylated,forward,AAAATTTTAAATGGAAAAATAGGATACG,28,59.5,120,chr2:11118464-11118665,muscle ,,,
MR3,3,methylated,reverse,TCAATACAATACGCCCCGAC,20,60.7,120,chr2:11118464-11118665,muscle ,,,
UF3,3,unmethylated,forward,GAAAATTTTAAATGGAAAAATAGGATATG,29,59.1,124,chr2:11118464-11118665,muscle ,,,
UR3,3,unmethylated,reverse,ATTTCAATACAATACACCCCAACC,24,60.1,124,chr2:11118464-11118665,muscle ,,,
MF4,4,methylated,forward,TTGGGGAAAAGATTAGAATAGATACG,26,60.1,124,chr12:132845236-132845437,muscle ,,,
MR4,4,methylated,reverse,AACGACCCCCGTATAACTCC,20,60.1,124,chr12:132845236-132845437,muscle ,,,
UF4,4,unmethylated,forward,AATTGGGGAAAAGATTAGAATAGATATG,28,59.5,129,chr12:132845236-132845437,muscle ,,,
UR4,4,unmethylated,reverse,AACAACAACCCCCATATAACTCC,23,60.2,129,chr12:132845236-132845437,muscle ,,,
MF5,5,methylated,forward,CGGATGGTAGAAGAGTTGGTATC,23,59,120,chr16:72459696-72459897,"brain, general ",,,
MR5,5,methylated,reverse,ACTTTACCGCACTATCTAACCCG,23,60.7,120,chr16:72459696-72459897,"brain, general ",,,
UF5,5,unmethylated,forward,GGTGGATGGTAGAAGAGTTGGTATT,25,60.8,124,chr16:72459696-72459897,"brain, general ",,,
UR5,5,unmethylated,reverse,TAACTTTACCACACTATCTAACCCACAT,28,59.6,124,chr16:72459696-72459897,"brain, general ",,,
MF6,6,methylated,forward,ATAGGGATATAGCGATGGGTGTC,23,60.4,80,chr2:54611806-54612007,"brain, general ",,,
MR6,6,methylated,reverse,TTATCATACTCTAAATCTCCCCGC,24,59.5,80,chr2:54611806-54612007,"brain, general ",,,
UF6,6,unmethylated,forward,GGATAGGGATATAGTGATGGGTGTT,25,60.5,77,chr2:54611806-54612007,"brain, general ",,,
UR6,6,unmethylated,reverse,ATACTCTAAATCTCCCCACCTAACC,25,59.3,77,chr2:54611806-54612007,"brain, general ",,,
MF7,7,methylated,forward,TTATTTAAGGGGAGAGGTCGC,21,59.6,78,chr11:133804957-133805158,"brain, general ",,,
MR7,7,methylated,reverse,CCGCGTCTATATCGAAAACG,20,60.6,78,chr11:133804957-133805158,"brain, general ",,,
UF7,7,unmethylated,forward,TTTAAGGGGAGAGGTTGTGGA,21,60.8,80,chr11:133804957-133805158,"brain, general ",,,
UR7,7,unmethylated,reverse,CCACACCACATCTATATCAAAAACA,25,60,80,chr11:133804957-133805158,"brain, general ",,,
MF8,8,methylated,forward,AGAGAGTAAGTTAGAGAAAATGATTCGTGT,30,60.7,134,chr9:123688615-123688816,leukocytes,,,
MR8,8,methylated,reverse,AACTATAACCCCCTCCTCCG,20,59.3,134,chr9:123688615-123688816,leukocytes,,,
UF8,8,unmethylated,forward,AAGAGAGTAAGTTAGAGAAAATGATTTGTG,30,59.4,136,chr9:123688615-123688816,leukocytes,,,
UR8,8,unmethylated,reverse,CAACTATAACCCCCTCCTCCA,21,60.2,136,chr9:123688615-123688816,leukocytes,,,
MF9,9,methylated,forward,GTGGGGTTTGAGTGTTAGGC,20,59.4,132,chr15:74528465-74528666,leukocytes,,,
MR9,9,methylated,reverse,AACACTATATAATATCACAAAACAAAACCG,30,60.1,132,chr15:74528465-74528666,leukocytes,,,
UF9,9,unmethylated,forward,GTGGGGTTTGAGTGTTAGGTG,21,59.4,130,chr15:74528465-74528666,leukocytes,,,
UR9,9,unmethylated,reverse,CACTATATAATATCACAAAACAAAACCAAA,30,59.2,130,chr15:74528465-74528666,leukocytes,,,
MF10,10,methylated,forward,AATTGGAAGTGGGTTTGTCGT,21,60.6,103,chr11:67170510-67170711,leukocytes,,,
MR10,10,methylated,reverse,TTTCGCTATATTACCCAAACTAAACG,26,60.9,103,chr11:67170510-67170711,leukocytes,,,
UF10,10,unmethylated,forward,AGAATTGGAAGTGGGTTTGTTG,22,60.3,109,chr11:67170510-67170711,leukocytes,,,
UR10,10,unmethylated,reverse,AAAATTTCACTATATTACCCAAACTAAACA,30,59.2,109,chr11:67170510-67170711,leukocytes,,,
MF11,11,methylated,forward,GGGTGTAGAGGGTTTAGGTCGTA,23,60.6,74,chr1:16163510-16163711,leukocytes,,,
MR11,11,methylated,reverse,GATCCACTATAATTACCACCGCC,23,60.8,74,chr1:16163510-16163711,leukocytes,,,
UF11,11,unmethylated,forward,TGGGTGTAGAGGGTTTAGGTTG,22,60.3,77,chr1:16163510-16163711,leukocytes,,,
UR11,11,unmethylated,reverse,ACAATCCACTATAATTACCACCACC,25,59.4,77,chr1:16163510-16163711,leukocytes,,,
MF12,12,methylated,forward,GGTGAGTTTCGGAGAGGAGAC,21,60.2,139,chr12:122669086-122669287,leukocytes,,,
MR12,12,methylated,reverse,GGTGAGTTTCGGAGAGGAGAC,21,59.1,139,chr12:122669086-122669287,leukocytes,,,
UF12,12,unmethylated,forward,GTGGTGAGTTTTGGAGAGGAGAT,23,60.9,150,chr12:122669086-122669287,leukocytes,,,
UR12,12,unmethylated,reverse,AAATATCTATAATCATCAACAAATTCCAAA,30,59.8,150,chr12:122669086-122669287,leukocytes,,,
MF13,13,methylated,forward,GTTTAAGGGGTAAGAGGTTACGGA,24,60.9,144,chr20:62199081-62199282,leukocytes,,,
MR13,13,methylated,reverse,TAAAACAATAACCATACGTCCCG,23,60,144,chr20:62199081-62199282,leukocytes,,,
UF13,13,unmethylated,forward,GTTTAAGGGGTAAGAGGTTATGGAG,25,59.7,146,chr20:62199081-62199282,leukocytes,,,
UR13,13,unmethylated,reverse,CCTAAAACAATAACCATACATCCCA,25,60.2,146,chr20:62199081-62199282,leukocytes,,,
MF14,14,methylated,forward,GGAGGATGATTATTGATAGTCGAGA,25,59.8,128,chr12:5740790-5740991,leukocytes,,,
MR14,14,methylated,reverse,CCTATATTATCCCACCCCGAC,21,60.3,128,chr12:5740790-5740991,leukocytes,,,
UF14,14,unmethylated,forward,GGGAGGATGATTATTGATAGTTGAGA,26,59.4,130,chr12:5740790-5740991,leukocytes,,,
UR14,14,unmethylated,reverse,CCCTATATTATCCCACCCCAAC,22,60.5,130,chr12:5740790-5740991,leukocytes,,,
MF15,15,methylated,forward,GTGAATAGCGTATGGGATTTACG,23,59.8,124,chr14:104870109-104870310,sparse_pcs,,,
MR15,15,methylated,reverse,TCACTTTACTCAAATTCATAAACACGA,27,60.3,124,chr14:104870109-104870310,sparse_pcs,,,
UF15,15,unmethylated,forward,GAATAGTGTATGGGATTTATGGGG,24,59.7,124,chr14:104870109-104870310,sparse_pcs,,,
UR15,15,unmethylated,reverse,CCTCACTTTACTCAAATTCATAAACACA,28,60.9,124,chr14:104870109-104870310,sparse_pcs,,,
MF16,16,methylated,forward,TAGTATTTTGGGAGGTTAAGGCG,23,60.7,145,chr6:108707400-108707601,sparse_pcs,,,
MR16,16,methylated,reverse,CCCAAATAACTAAAATTACAAATATACGC,29,59.8,145,chr6:108707400-108707601,sparse_pcs,,,
UF16,16,unmethylated,forward,AGTATTTTGGGAGGTTAAGGTGG,23,59.7,146,chr6:108707400-108707601,sparse_pcs,,,
UR16,16,unmethylated,reverse,CCCCCAAATAACTAAAATTACAAATATACA,30,60.9,146,chr6:108707400-108707601,sparse_pcs,,,
MF17,17,methylated,forward,GGAGGATGATTATTGATAGTCGAGA,25,59.9,81,chr12:5740790-5740991,sparse_pcs,,,
MR17,17,methylated,reverse,CCTATATTATCCCACCCCGAC,21,59.4,81,chr12:5740790-5740991,sparse_pcs,,,
UF17,17,unmethylated,forward,GGGAGGATGATTATTGATAGTTGAGA,26,60.9,84,chr12:5740790-5740991,sparse_pcs,,,
UR17,17,unmethylated,reverse,CCCTATATTATCCCACCCCAAC,22,60.5,84,chr12:5740790-5740991,sparse_pcs,,,